antecedents,consequents,antecedent support,consequent support,support,confidence,lift,representativity,leverage,conviction,zhangs_metric,jaccard,certainty,kulczynski
frozenset({'DOMINANT_POP_AMR'}),"frozenset({'MAF_category_Ultra-rare (<0.001)', 'Impact_Benign'})",0.0976608187134503,0.6053801169590644,0.0728654970760234,0.7461077844311377,1.232461660913104,1.0,0.013743579220956877,1.5542811431093453,0.20902975067851606,0.11562731997030438,0.3566157548566174,0.4332354996344251
frozenset({'DOMINANT_POP_AMR'}),frozenset({'MAF_category_Ultra-rare (<0.001)'}),0.0976608187134503,0.6745029239766082,0.08,0.8191616766467066,1.214467198773945,1.0,0.014127492219828328,1.7999341621161071,0.195706510822314,0.1155795876985468,0.4444241233666336,0.4688837687898003
"frozenset({'Impact_Benign', 'DOMINANT_POP_AMR'})",frozenset({'MAF_category_Ultra-rare (<0.001)'}),0.08900584795321638,0.6745029239766082,0.0728654970760234,0.8186596583442838,1.2137229198619086,1.0,0.012830792380561541,1.7949512670565297,0.1932929243137676,0.10550381033022863,0.44288181057981546,0.4633440480034233
frozenset({'DOMINANT_POP_EAS'}),"frozenset({'MAF_category_Ultra-rare (<0.001)', 'Impact_Benign'})",0.19707602339181288,0.6053801169590644,0.13976608187134504,0.7091988130563798,1.1714934025564232,1.0,0.020460175780582054,1.3570091896407683,0.18231950924433252,0.21090716554888814,0.2630853146508734,0.470036037130972
frozenset({'DOMINANT_POP_SAS'}),frozenset({'MAF_category_Ultra-rare (<0.001)'}),0.15824561403508772,0.6745029239766082,0.12456140350877193,0.787139689578714,1.1669922569616795,1.0,0.01782427413563148,1.5291581384015602,0.16999767117363065,0.17588769611890998,0.346045399172837,0.48590554792790397
frozenset({'DOMINANT_POP_EAS'}),frozenset({'MAF_category_Ultra-rare (<0.001)'}),0.19707602339181288,0.6745029239766082,0.15473684210526314,0.7851632047477745,1.1640619733992494,1.0,0.02180848808180294,1.515089980937611,0.17553244491128162,0.21585903083700442,0.3399731946077872,0.5072859547234624
frozenset({'DOMINANT_POP_SAS'}),"frozenset({'MAF_category_Ultra-rare (<0.001)', 'Impact_Benign'})",0.15824561403508772,0.6053801169590644,0.11134502923976608,0.7036215816703622,1.1622806265999992,1.0,0.015546280906945723,1.331473071706698,0.1658709336172985,0.17070109377801684,0.24895214086591472,0.44377369655388277
"frozenset({'Impact_Benign', 'DOMINANT_POP_SAS'})",frozenset({'MAF_category_Ultra-rare (<0.001)'}),0.14222222222222222,0.6745029239766082,0.11134502923976608,0.7828947368421053,1.160698803537368,1.0,0.015415724496426253,1.4992592592592597,0.16140549484042324,0.15785110263637872,0.33300395256917015,0.47398595000593213
"frozenset({'Impact_Benign', 'DOMINANT_POP_EAS'})",frozenset({'MAF_category_Ultra-rare (<0.001)'}),0.17871345029239766,0.6745029239766082,0.13976608187134504,0.7820680628272253,1.1594731987467968,1.0,0.019223337095174597,1.4935721686598893,0.16746817235490621,0.19590163934426236,0.33046422463987657,0.4946407593484141
frozenset({'Impact_Possibly_damaging'}),frozenset({'MAF_category_Ultra-rare (<0.001)'}),0.08807017543859649,0.6745029239766082,0.06456140350877193,0.7330677290836654,1.086826614126121,1.0,0.005157812660305738,1.219399493759274,0.08760546140934926,0.09249329758713137,0.17992421259983435,0.41439236983054434
"frozenset({'Impact_Benign', 'DOMINANT_POP_EUR'})",frozenset({'MAF_category_Ultra-rare (<0.001)'}),0.12116959064327486,0.6745029239766082,0.08760233918128656,0.722972972972973,1.0718603986334176,1.0,0.005873095995349006,1.1749650549137074,0.0762862594185559,0.12371985464155932,0.14891085839702464,0.4264249293510608
frozenset({'DOMINANT_POP_EUR'}),frozenset({'MAF_category_Ultra-rare (<0.001)'}),0.135906432748538,0.6745029239766082,0.09824561403508772,0.7228915662650603,1.0717397072249464,1.0,0.006576327758968575,1.1746198830409362,0.07746571016062087,0.13795368697651503,0.14866075873742945,0.43427394335448266
frozenset({'MAF_category_Common  (>0.05)'}),frozenset({'Impact_Benign'}),0.07894736842105263,0.9059649122807018,0.07438596491228071,0.9422222222222223,1.04002065582236,1.0,0.0028624192059095166,1.6275303643724717,0.041778975741239975,0.08169556840077072,0.3855721393034834,0.5121645580514674
"frozenset({'DOMINANT_POP_AFR', 'MAF_category_Rare (0.001-0.01)'})",frozenset({'Impact_Benign'}),0.10666666666666667,0.9059649122807018,0.09894736842105263,0.9276315789473685,1.023915569326104,1.0,0.002311111111111111,1.2993939393939404,0.026145866412617763,0.10829493087557605,0.23041044776119463,0.5184246198377431
frozenset({'MAF_category_Rare (0.001-0.01)'}),frozenset({'Impact_Benign'}),0.18058479532163743,0.9059649122807018,0.16584795321637427,0.9183937823834197,1.0137189309809242,1.0,0.002244464963578524,1.1523029796714013,0.01651576504845525,0.18013211382113822,0.13217268579382926,0.5507280040241396
frozenset({'MAF_category_Low-frequency (0.01–0.05)'}),frozenset({'Impact_Benign'}),0.06596491228070175,0.9059649122807018,0.060350877192982454,0.9148936170212765,1.0098554641791782,1.0,0.0005889812249923049,1.1049122807017528,0.010448517463701004,0.06620477290223248,0.09495077802476849,0.49075432206602165
frozenset({'DOMINANT_POP_AFR'}),frozenset({'Impact_Benign'}),0.40842105263157896,0.9059649122807018,0.372280701754386,0.9115120274914089,1.0061228808483793,1.0,0.0022655586334257016,1.0626877874297391,0.01028707893245157,0.3951582867783986,0.05898984459147545,0.6612168967821104
frozenset({'DOMINANT_POP_AMR'}),frozenset({'Impact_Benign'}),0.0976608187134503,0.9059649122807018,0.08900584795321638,0.911377245508982,1.0059741091017036,1.0,0.0005285728942238666,1.061071597913703,0.006581373384782993,0.0973145780051151,0.05755652873357755,0.5048107503041941
"frozenset({'MAF_category_Ultra-rare (<0.001)', 'DOMINANT_POP_AMR'})",frozenset({'Impact_Benign'}),0.08,0.9059649122807018,0.0728654970760234,0.9108187134502923,1.0053576039246062,1.0,0.00038830409356725715,1.0544262295081956,0.005792448879894005,0.07980017932624568,0.05161691542288463,0.4956236608821304
frozenset({'DOMINANT_POP_EAS'}),frozenset({'Impact_Benign'}),0.19707602339181288,0.9059649122807018,0.17871345029239766,0.9068249258160236,1.000949279076556,1.0,0.00016948804760438807,1.0092300815733586,0.0011811564083693158,0.19334429963305075,0.00914566632711653,0.5520440146766665
"frozenset({'MAF_category_Ultra-rare (<0.001)', 'DOMINANT_POP_EAS'})",frozenset({'Impact_Benign'}),0.15473684210526314,0.9059649122807018,0.13976608187134504,0.9032501889644747,0.9970035005998269,1.0,-0.0004200677131424857,0.9719407894736848,-0.0035431055340773023,0.15176530353060708,-0.028869259146444046,0.5287616811075924
frozenset({'DOMINANT_POP_SAS'}),frozenset({'Impact_Benign'}),0.15824561403508772,0.9059649122807018,0.14222222222222222,0.8987435328898744,0.9920290738714725,1.0,-0.0011427516158818152,0.9286822896657708,-0.009455251729184468,0.1542559939109476,-0.07679451964126091,0.5278638914126625
frozenset({'MAF_category_Ultra-rare (<0.001)'}),frozenset({'Impact_Benign'}),0.6745029239766082,0.9059649122807018,0.6053801169590644,0.8975203745448241,0.9906789571854179,1.0,-0.005695865394480304,0.9175978864250317,-0.028093695580449107,0.6208468273959459,-0.08980198711660892,0.7828681139442427
"frozenset({'MAF_category_Ultra-rare (<0.001)', 'DOMINANT_POP_SAS'})",frozenset({'Impact_Benign'}),0.12456140350877193,0.9059649122807018,0.11134502923976608,0.8938967136150234,0.9866791765309127,1.0,-0.001503231763619578,0.8862598975314389,-0.015187385721452677,0.1211350044534928,-0.12833718730292243,0.5083994283282967
"frozenset({'MAF_category_Ultra-rare (<0.001)', 'DOMINANT_POP_AFR'})",frozenset({'Impact_Benign'}),0.21426900584795322,0.9059649122807018,0.1912280701754386,0.892467248908297,0.9851013398097004,1.0,-0.0028921309120754912,0.8744785822424084,-0.018884801478327665,0.20584162155356922,-0.14353858437072234,0.5517719668244041
"frozenset({'MAF_category_Ultra-rare (<0.001)', 'DOMINANT_POP_EUR'})",frozenset({'Impact_Benign'}),0.09824561403508772,0.9059649122807018,0.08760233918128656,0.8916666666666668,0.9842176607281179,1.0,-0.0014047399199753757,0.8680161943319852,-0.017471773617264524,0.09557228531325763,-0.15205223880596838,0.4941808675445392
frozenset({'DOMINANT_POP_EUR'}),frozenset({'Impact_Benign'}),0.135906432748538,0.9059649122807018,0.12116959064327486,0.8915662650602411,0.9841068378860136,1.0,-0.001956868780137469,0.8672124756335291,-0.018347009498500624,0.13160569105691056,-0.15311994245639168,0.5126563574203865
